{
  "minx":7.437796756061886,
  "miny": 46.94907900359041,
  "maxx":  7.442313589551787,
  "maxy":  46.95325082796256
}
