{
  "minx": 7.4719589491516558,
  "miny": 46.9799127188803993,
  "maxx": 7.4870457729811619,
  "maxy": 46.9865389634242945
}
