{
  "minx":7.441250483123781,
  "miny": 46.94967429343589,
  "maxx":7.441630364614923,
  "maxy":46.9498720814052,
}

